Column1,Column2,Column3
0,29.418976,8456.322849
0.181658,29.433487,8447.821473
0.325676,29.449145,8438.657811
0.46783,29.448884,8438.810918
0.611362,29.41715,8457.393529
0.754152,29.437592,8445.418118
0.89668,29.441408,8443.185094
1.039474,29.434558,8447.194802
1.181375,29.404926,8464.562424
1.324225,29.429947,8449.895081
1.466607,29.438533,8444.867347
1.609837,29.451501,8437.279993
1.75281,29.442864,8442.333029
1.895739,29.434247,8447.376964
2.038648,29.449489,8438.456686
2.181198,29.418311,8456.712962
2.324434,29.430266,8449.707953
2.466866,29.430305,8449.685347
2.61024,29.425436,8452.53758
2.752367,29.435967,8446.369636
2.895647,29.426547,8451.886623
3.038533,29.452653,8436.606135
3.18099,29.444655,8441.284968
3.323883,29.438552,8444.85664
3.4666,29.429119,8450.379619
3.609812,29.436014,8446.34206
3.752626,29.449068,8438.702849
3.89422,29.452282,8436.823262
4.036882,29.413287,8459.658066
4.179568,29.442873,8442.327717
4.322027,29.42421,8453.255842
4.465246,29.429257,8450.299292
4.607642,29.44303,8442.23571
4.750306,29.421616,8454.77557
4.893279,29.443452,8441.988809
5.061592,29.398023,8468.613738
5.205058,29.446428,8440.247522
5.3472,29.429881,8449.933502
5.491105,29.451689,8437.169964
5.633243,29.436947,8445.795777
5.776615,29.446924,8439.957456
5.919248,29.43036,8449.652987
6.061946,29.426434,8451.952588
6.204481,29.428334,8450.839419
6.347414,29.412358,8460.203017
6.490643,29.42507,8452.751613
6.635387,29.457143,8433.981151
6.778857,29.447171,8439.812694
6.922645,29.416716,8457.647832
7.066598,29.425147,8452.706832
7.210897,29.412837,8459.92209
7.35347,29.4237,8453.554579
7.497296,29.42317,8453.865314
7.640197,29.453247,8436.259237
7.783803,29.417653,8457.098343
7.927097,29.424841,8452.886135
8.069757,29.443569,8441.920401
8.213523,29.436887,8445.831082
8.355749,29.454051,8435.788863
8.499014,29.433146,8448.021388
8.642343,29.430308,8449.683485
8.785125,29.424832,8452.891365
8.927778,29.401327,8466.674407
9.072686,29.418539,8456.579273
9.215064,29.441883,8442.906753
9.358498,29.4407,8443.599132
9.502123,29.437072,8445.722872
9.644445,29.42164,8454.761752
9.787685,29.432127,8448.618312
9.930609,29.433038,8448.084789
10.073504,29.436502,8446.056675
10.217605,29.421562,8454.80732
10.360589,29.428775,8450.581637
10.518927,29.432783,8448.234215
10.661523,29.434562,8447.19207
10.80494,29.433755,8447.665014
10.94747,29.418327,8456.703643
11.090626,29.424918,8452.841145
11.233197,29.441391,8443.195029
11.376416,29.433521,8447.801597
11.520264,29.41269,8460.008303
11.664303,29.426481,8451.924912
11.807627,29.436627,8445.98331
11.95029,29.429907,8449.918027
12.093646,29.429781,8449.992175
12.236685,29.412388,8460.185573
12.379334,29.439697,8444.185954
12.521756,29.429137,8450.369078
12.664156,29.427043,8451.596149
12.807512,29.458633,8433.110326
12.949218,29.410138,8461.505054
13.092881,29.422244,8454.407727
13.235288,29.41574,8458.220224
13.377957,29.420689,8455.318872
13.521636,29.42335,8453.759676
13.664465,29.416841,8457.574686
13.807386,29.4177,8457.070825
13.950005,29.439892,8444.072057
14.092125,29.438488,8444.893818
14.235019,29.409287,8462.004366
14.378221,29.433392,8447.877311
14.521908,29.419834,8455.820146
14.664798,29.423963,8453.400354
14.8087,29.454274,8435.658353
14.950875,29.423709,8453.549571
15.093575,29.4184,8456.660673
15.237019,29.421074,8455.09367
15.379607,29.429975,8449.878336
15.522851,29.423186,8453.855972
15.664827,29.408916,8462.22201
15.808099,29.435581,8446.595452
15.956949,29.424214,8453.253608
16.099085,29.422741,8454.116615
16.241817,29.427569,8451.28751
16.385782,29.423229,8453.830594
16.528535,29.409283,8462.006671
16.671641,29.411274,8460.838883
16.814597,29.430675,8449.468487
16.957345,29.422499,8454.258308
17.100492,29.414992,8458.658449
17.242822,29.41888,8456.379465
17.384814,29.407948,8462.789498
17.527407,29.437387,8445.538529
17.67063,29.423229,8453.830594
17.813729,29.414612,8458.881311
17.955937,29.426736,8451.775835
18.099096,29.387514,8474.784407
18.241715,29.413758,8459.382392
18.383585,29.408311,8462.576729
18.526731,29.410833,8461.09742
18.670123,29.425833,8452.304677
18.812638,29.423587,8453.620603
18.956295,29.414565,8458.909139
19.099939,29.417415,8457.237915
19.243327,29.430494,8449.574589
19.385846,29.411663,8460.610752
19.528729,29.415899,8458.126649
19.67128,29.424572,8453.04358
19.814345,29.414336,8459.043385
19.957638,29.427151,8451.5329
20.100364,29.423576,8453.62748
20.243768,29.419078,8456.263044
20.387236,29.395129,8470.312585
20.529983,29.384978,8476.274286
20.673179,29.398058,8468.593289
20.81641,29.400174,8467.35087
20.958437,29.39671,8469.384202
21.100968,29.399448,8467.776934
21.244275,29.39112,8472.666354
21.38662,29.433871,8447.596868
21.529644,29.409836,8461.681897
21.672701,29.394792,8470.51012
21.816133,29.390564,8472.992954
21.958126,29.41862,8456.531541
22.10167,29.420866,8455.215113
22.244714,29.42804,8451.011702
22.386858,29.38907,8473.870692
22.531599,29.406743,8463.496547
22.675097,29.420751,8455.282714
22.819325,29.395193,8470.274763
22.962707,29.40546,8464.249205
23.108764,29.407444,8463.08519
23.25563,29.411926,8460.456557
23.39958,29.410424,8461.337249
23.542348,29.400498,8467.160919
23.686445,29.420927,8455.179733
23.829807,29.409071,8462.130819
23.972653,29.403815,8465.214434
24.1158,29.39884,8468.133862
24.258597,29.407896,8462.820131
24.402032,29.405884,8464.000363
24.543992,29.41168,8460.600863
24.68661,29.410497,8461.294546
24.832973,29.418214,8456.769491
24.978343,29.390941,8472.77178
25.124243,29.410267,8461.429155
25.267722,29.389005,8473.90889
25.412649,29.395474,8470.109682
25.555893,29.403279,8465.52878
25.699004,29.413528,8459.516895
25.842641,29.389662,8473.522944
25.98537,29.415865,8458.146502
26.128767,29.399638,8467.665551
26.271642,29.401884,8466.347476
26.414698,29.386526,8475.364746
26.556976,29.394806,8470.502035
26.700341,29.382657,8477.638407
26.84403,29.378997,8479.789005
26.986105,29.397544,8468.894902
27.129898,29.386976,8475.100808
27.272851,29.39639,8469.572122
27.415686,29.374031,8482.708497
27.55868,29.400132,8467.375367
27.701052,29.375667,8481.746609
27.844356,29.406372,8463.713854
27.986692,29.396576,8469.462835
28.128794,29.382981,8477.447901
28.271518,29.408985,8462.18135
28.414518,29.401799,8466.397098
28.557787,29.388393,8474.268165
28.699839,29.409093,8462.11773
28.842417,29.396253,8469.652472
28.985758,29.392664,8471.759839
29.127586,29.4122,8460.295512
29.271185,29.384578,8476.509304
29.414761,29.40889,8462.237208
29.55654,29.392911,8471.614665
29.699981,29.409678,8461.77491
29.842767,29.395032,8470.369508
29.985412,29.421243,8454.994499
30.128647,29.429117,8450.381256
30.271077,29.383607,8477.079944
30.414427,29.401308,8466.685503
30.556638,29.407638,8462.971377
30.699913,29.407323,8463.155987
30.842861,29.406499,8463.63972
30.984891,29.420293,8455.551183
31.128415,29.386985,8475.095149
31.27119,29.395697,8469.979276
31.414058,29.421359,8454.926282
31.55739,29.424392,8453.149127
31.69983,29.405147,8464.432658
31.842741,29.404295,8464.932481
31.985565,29.427281,8451.456509
32.128212,29.411714,8460.581035
32.270451,29.385531,8475.949476
32.414088,29.413054,8459.794916
32.556856,29.435069,8446.895576
32.69991,29.413281,8459.661745
32.841927,29.415738,8458.221416
32.985257,29.414937,8458.690788
33.127839,29.411984,8460.422665
33.271013,29.427165,8451.524334
33.413156,29.429177,8450.345755
33.555794,29.403576,8465.354608
33.699031,29.416648,8457.687639
33.841799,29.42641,8451.966651
33.984795,29.428975,8450.464248
34.126835,29.409024,8462.15838
34.270761,29.436799,8445.882351
34.412959,29.433092,8448.052782
34.556512,29.413199,8459.709934
34.698379,29.43142,8449.032382
34.841484,29.405153,8464.428981
34.984412,29.430037,8449.842093
35.127233,29.438118,8445.110427
35.27017,29.418159,8456.801702
35.412757,29.42637,8451.990011
35.554923,29.414646,8458.861439
35.697733,29.440102,8443.949326
35.840227,29.426581,8451.866696
35.983514,29.404827,8464.620679
36.125154,29.44473,8441.241115
36.268744,29.429205,8450.329431
36.41085,29.43171,8448.86248
36.554376,29.411209,8460.876978
36.695981,29.445344,8440.881815
36.838556,29.410692,8461.180161
36.981359,29.427312,8451.438076
37.124066,29.385979,8475.686085
37.266701,29.451745,8437.137309
37.409524,29.416765,8457.618959
37.552524,29.427841,8451.128405
37.694959,29.429714,8450.031513
37.83689,29.433541,8447.790164
37.980168,29.411449,8460.736298
38.123025,29.413478,8459.5463
38.270017,29.424236,8453.240404
38.413776,29.427108,8451.557948
38.557405,29.437719,8445.343754
38.700148,29.439366,8444.380057
38.842767,29.41206,8460.377715
38.985749,29.41692,8457.528533
39.128624,29.431755,8448.835759
39.27224,29.433582,8447.766106
39.414898,29.418639,8456.520489
39.558165,29.413391,8459.597154
39.700959,29.403772,8465.239753
39.844394,29.44508,8441.036212
39.987001,29.412928,8459.868557
40.129867,29.428746,8450.598119
40.273833,29.452298,8436.81382
40.417873,29.426993,8451.625232
40.561079,29.425899,8452.265868
40.704328,29.422276,8454.38928
40.846931,29.440842,8443.515933
40.989645,29.424588,8453.034496
41.132484,29.431412,8449.036857
41.275071,29.43553,8446.625408
41.417531,29.434934,8446.974206
41.55991,29.430733,8449.434606
41.70317,29.415143,8458.570255
41.845948,29.445875,8440.571058
41.988728,29.42922,8450.320431
42.131606,29.430695,8449.457006
42.274259,29.438584,8444.83752
42.417466,29.415566,8458.32198
42.560438,29.428825,8450.551867
42.702086,29.423818,8453.485193
42.845337,29.414528,8458.93088
42.987586,29.407537,8463.030905
43.131738,29.423492,8453.676406
43.274556,29.417868,8456.972567
43.417409,29.411685,8460.597644
43.559715,29.422712,8454.133215
43.702569,29.411203,8460.880219
43.845385,29.42839,8450.807105
43.987773,29.427848,8451.124537
44.130829,29.419402,8456.073437
44.273705,29.408426,8462.509039
44.416535,29.428784,8450.576062
44.593765,29.41101,8460.99374
44.736019,29.426807,8451.734091
44.879015,29.431168,8449.179744
45.021655,29.411782,8460.540746
45.163778,29.427102,8451.561136
45.307013,29.429457,8450.181667
45.449728,29.424645,8453.000718
45.59143,29.405634,8464.147199
45.734782,29.408126,8462.68517
45.876699,29.414553,8458.915994
46.019797,29.429148,8450.362612
46.162777,29.419052,8456.27877
46.304762,29.405024,8464.504697
46.448625,29.42243,8454.298617
46.59028,29.424315,8453.194455
46.733163,29.42661,8451.849405
46.876617,29.418261,8456.742182
47.019775,29.421464,8454.864614
47.163197,29.426421,8451.960113
47.306221,29.420677,8455.326169
47.450071,29.416648,8457.687959
47.592721,29.42419,8453.267644
47.735029,29.419085,8456.259194
47.878248,29.412172,8460.312124
48.021218,29.417146,8457.395926
48.163127,29.41375,8459.386713
48.307339,29.433965,8447.541912
48.449759,29.428106,8450.973144
48.592666,29.430033,8449.844424
48.735702,29.42025,8455.576168
48.878313,29.40899,8462.178523
49.020959,29.418818,8456.4154
49.163692,29.426211,8452.083277
49.306103,29.411735,8460.568488
49.449051,29.430377,8449.642771
49.591407,29.408822,8462.276812
49.733781,29.432506,8448.396432
49.876225,29.425117,8452.724082
50.042541,29.425312,8452.609843
50.185545,29.420252,8455.575237
50.32824,29.414675,8458.844534
50.470872,29.416849,8457.570026
50.613493,29.424967,8452.812444
50.756338,29.406828,8463.446494
50.898478,29.416124,8457.99509
51.041823,29.408891,8462.236605
51.185133,29.41103,8460.98217
51.327815,29.422802,8454.080655
51.469784,29.397028,8469.19739
51.612848,29.408262,8462.60562
51.755358,29.410368,8461.36992
51.897572,29.424225,8453.247105
52.04017,29.399106,8467.977659
52.181635,29.413499,8459.533895
52.324634,29.404519,8464.801305
52.466669,29.421544,8454.818138
52.608944,29.40965,8461.791538
52.752721,29.405559,8464.190894
52.894414,29.41549,8458.366515
53.03637,29.416428,8457.816559
53.178965,29.431377,8449.057527
53.32179,29.414067,8459.200875
53.465065,29.408684,8462.357861
53.607338,29.408032,8462.740284
53.750634,29.411099,8460.941694
53.893128,29.408149,8462.671758
54.038387,29.411431,8460.746994
54.18235,29.41377,8459.374988
54.326477,29.419932,8455.762744
54.469496,29.414101,8459.180896
54.614506,29.427158,8451.528732
54.75807,29.412687,8460.010003
54.90067,29.403377,8465.471443
55.043936,29.405135,8464.43996
55.187023,29.423896,8453.439632
55.330453,29.440429,8443.758004
55.498483,29.426682,8451.807188
55.641891,29.428605,8450.680964
55.78475,29.421127,8455.062628
55.927595,29.441175,8443.321224
56.070571,29.425776,8452.338103
56.213768,29.411167,8460.901557
56.355601,29.431117,8449.209909
56.499015,29.419246,8456.165037
56.641241,29.415904,8458.124129
56.783837,29.428471,8450.759511
56.927635,29.422734,8454.120766
57.069798,29.415909,8458.120914
57.212374,29.424367,8453.163833
57.356119,29.411105,8460.937851
57.499482,29.426984,8451.630581
57.642132,29.420682,8455.323315
57.785472,29.41263,8460.04357
57.928455,29.414826,8458.75581
58.072078,29.410463,8461.314288
58.214564,29.429568,8450.117109
58.357918,29.417287,8457.313031
58.49995,29.415134,8458.575237
58.64249,29.415142,8458.570923
58.785789,29.419869,8455.799669
58.929099,29.434342,8447.321053
59.071886,29.420696,8455.315193
59.214392,29.417005,8457.478446
59.357115,29.420742,8455.288005
59.500152,29.415017,8458.644113
59.642722,29.419017,8456.298905
59.784543,29.411155,8460.90861
59.927422,29.40239,8466.050353
60.070835,29.433114,8448.040184
60.213944,29.42009,8455.670089
60.356401,29.42259,8454.205261
60.499732,29.431006,8449.274909
60.641903,29.419062,8456.272834
60.785123,29.438526,8444.871357
60.950788,29.42996,8449.887311
61.093305,29.40064,8467.07776
61.235416,29.416643,8457.690944
61.377861,29.424331,8453.184889
61.519471,29.405374,8464.29936
61.66235,29.403518,8465.388865
61.805931,29.411559,8460.67179
61.949254,29.405261,8464.365846
62.091973,29.400131,8467.376218
62.234225,29.408353,8462.551733
62.377499,29.41912,8456.238523
62.520383,29.429581,8450.109299
62.663644,29.410782,8461.127271
62.806524,29.407424,8463.096986
62.948994,29.408408,8462.519882
63.097197,29.418991,8456.314397
63.24032,29.412333,8460.217574
63.382451,29.411909,8460.466174
63.524599,29.422784,8454.091124
63.674901,29.398206,8468.506404
63.819263,29.400267,8467.29627
63.962264,29.405414,8464.276143
64.103556,29.405118,8464.45003
64.247627,29.417732,8457.052492
64.390027,29.40102,8466.854346
64.533001,29.397848,8468.71627
64.675965,29.420248,8455.577812
64.819366,29.410502,8461.291359
64.962348,29.407935,8462.797459
65.104194,29.40182,8466.384789
65.247161,29.407035,8463.324878
65.389658,29.402329,8466.08645
65.532447,29.395386,8470.161529
65.675821,29.403232,8465.556175
65.818655,29.403385,8465.466429
65.960629,29.395925,8469.845121
66.103554,29.391037,8472.71531
66.246483,29.414225,8459.108273
66.388633,29.412945,8459.858917
66.53109,29.389046,8473.884671
66.673982,29.421396,8454.904842
66.817627,29.414392,8459.010291
66.959897,29.418899,8456.368284
67.103321,29.418868,8456.386213
67.245892,29.409549,8461.850553
67.40698,29.419831,8455.822034
67.550195,29.405609,8464.161551
67.692995,29.401564,8466.535327
67.835063,29.405911,8463.984811
67.978701,29.406085,8463.882652
68.121687,29.403162,8465.59761
68.263743,29.39456,8470.646517
68.406617,29.401672,8466.471764
68.549123,29.402275,8466.118252
68.692458,29.407975,8462.774015
68.835277,29.403381,8465.469191
68.977147,29.395725,8469.96254
69.120368,29.408582,8462.417889
69.262933,29.393075,8471.518475
69.405382,29.401877,8466.351647
69.547059,29.405424,8464.270537
69.691064,29.396452,8469.535638
69.835907,29.411674,8460.604205
69.982322,29.421123,8455.064822
70.127646,29.389157,8473.819641
70.272346,29.40797,8462.776786
70.41739,29.41864,8456.519934
70.562977,29.420485,8455.438473
70.706121,29.398471,8468.350295
70.849573,29.408914,8462.223151
70.993917,29.389371,8473.693902
71.136822,29.406902,8463.403442
71.2793,29.400256,8467.303059
71.421773,29.41374,8459.392515
71.565974,29.419393,8456.078433
71.708823,29.376093,8481.49627
71.854759,29.411187,8460.889887
71.997903,29.40332,8465.505025
72.140928,29.384295,8476.675921
72.283771,29.393033,8471.5432
72.425889,29.404635,8464.732976
72.569677,29.398747,8468.18855
72.713387,29.401119,8466.796172
72.85639,29.392043,8472.124815
73.025948,29.416717,8457.647053
73.169114,29.392181,8472.043531
73.312017,29.401983,8466.289314
73.455854,29.41087,8461.075884
73.59834,29.405259,8464.367215
73.741621,29.410018,8461.575622
73.883725,29.404793,8464.640278
74.026038,29.405188,8464.408478
74.168089,29.41061,8461.227975
74.310452,29.421095,8455.081217
74.45362,29.407612,8462.9866
74.596914,29.409905,8461.641925
74.744307,29.413301,8459.650308
74.885935,29.413571,8459.491721
75.029365,29.406659,8463.545672
75.172194,29.411557,8460.672833
75.314972,29.409338,8461.974325
75.456831,29.41263,8460.043703
75.599914,29.416063,8458.030483
75.743008,29.39065,8472.942823
75.885811,29.405669,8464.126757
76.028511,29.412343,8460.211884
76.171307,29.411039,8460.976414
76.313343,29.417115,8457.413883
76.4561,29.39586,8469.883543
76.599393,29.399345,8467.837571
76.74193,29.395735,8469.956728
76.884135,29.404466,8464.832092
77.026741,29.406744,8463.495795
77.170018,29.39665,8469.419291
77.312733,29.403942,8465.139758
77.455359,29.392777,8471.693633
77.597508,29.411244,8460.856562
77.740437,29.39184,8472.243612
77.883286,29.415143,8458.569977
78.026402,29.414664,8458.851147
78.169172,29.409123,8462.100165
78.312335,29.407874,8462.832908
78.454052,29.399325,8467.849499
78.634827,29.416229,8457.933434
78.776306,29.402567,8465.946345
78.918904,29.426708,8451.792264
79.062134,29.412802,8459.942667
79.204174,29.414619,8458.877513
79.347775,29.403368,8465.476668
79.491554,29.405565,8464.1875
79.634573,29.406543,8463.613978
79.77782,29.401139,8466.784509
79.920731,29.401966,8466.299582
80.063771,29.408458,8462.490489
80.20593,29.420728,8455.295996
80.348485,29.41673,8457.639535
80.491842,29.411923,8460.458078
80.633845,29.406472,8463.655595
80.778113,29.425849,8452.295447
80.922195,29.421402,8454.90105
81.065065,29.414296,8459.066404
81.208,29.41159,8460.653208
81.351272,29.413542,8459.508713
81.494346,29.433418,8447.862407
81.636888,29.4118,8460.530077
81.780552,29.414341,8459.040009
81.923398,29.415337,8458.456058
82.067871,29.428846,8450.539511
82.210751,29.418574,8456.558952
82.354018,29.415097,8458.597134
82.496218,29.419715,8455.889751
82.63978,29.425323,8452.603801
82.782378,29.418121,8456.824198
82.924887,29.406305,8463.753442
83.06754,29.430784,8449.40441
83.209698,29.413206,8459.705988
83.35261,29.423003,8453.962878
83.494676,29.407972,8462.775472
83.63777,29.412133,8460.334858
83.781147,29.409523,8461.865726
83.92465,29.415022,8458.640958
84.067487,29.398841,8468.133553
84.209918,29.41787,8456.971362
84.352828,29.410393,8461.355313
84.496657,29.427347,8451.417704
84.640319,29.420132,8455.645255
84.782318,29.426461,8451.936977
84.924785,29.425034,8452.772675
85.069595,29.410227,8461.45308
85.215578,29.417863,8456.975225
85.35997,29.423787,8453.5033
85.506963,29.424417,8453.134513
85.651608,29.427234,8451.483991
85.793705,29.424017,8453.368661
85.94081,29.423416,8453.721257
86.084521,29.419714,8455.890764
86.228853,29.409654,8461.788785
86.371859,29.431245,8449.134793
86.516421,29.434982,8446.946225
86.660789,29.431419,8449.032528
86.804565,29.420692,8455.317247
86.949118,29.406657,8463.546857
87.093285,29.426657,8451.822341
87.236038,29.420914,8455.187423
87.378843,29.413545,8459.506914
87.52182,29.432422,8448.445323
87.665488,29.420281,8455.558068
87.808753,29.412266,8460.257109
87.951665,29.404039,8465.083103
88.093693,29.418754,8456.452913
88.236273,29.42421,8453.255964
88.37932,29.417747,8457.043537
88.521901,29.411821,8460.517928
88.664646,29.429632,8450.079144
88.807859,29.412442,8460.153732
88.95069,29.416516,8457.765037
89.09318,29.403367,8465.476936
89.23559,29.412783,8459.953621
89.378011,29.413306,8459.647095
89.521088,29.400443,8467.192881
89.663824,29.41545,8458.389874
89.808738,29.401432,8466.612955
89.953667,29.417014,8457.472889
90.097384,29.413066,8459.787645
90.24083,29.420386,8455.496372
90.383314,29.416371,8457.850359
90.526843,29.407366,8463.131178
90.669719,29.40636,8463.721431
90.812855,29.417063,8457.444545
90.955783,29.407345,8463.143487
91.099213,29.403013,8465.684729
91.242273,29.395781,8469.929926
91.384347,29.409725,8461.747168
91.528126,29.404248,8464.960546
91.671285,29.392724,8471.724687
91.813426,29.41477,8458.788909
91.956296,29.409606,8461.81733
92.09865,29.408152,8462.670104
92.241318,29.404288,8464.936747
92.383883,29.398126,8468.55315
92.527783,29.420157,8455.630814
92.6712,29.405066,8464.480472
92.813663,29.41389,8459.304707
92.956923,29.414414,8458.997596
93.099465,29.402524,8465.971993
93.242918,29.407445,8463.08478
93.385337,29.398018,8468.616771
93.527735,29.394248,8470.830014
93.670405,29.406337,8463.734626
93.813367,29.386669,8475.280791
93.955451,29.427799,8451.153148
94.098079,29.404467,8464.832008
94.264524,29.408803,8462.287806
94.407085,29.395304,8470.21
94.549579,29.399289,8467.870551
94.693039,29.39364,8471.186799
94.835739,29.401379,8466.643659
94.97858,29.387193,8474.973144
95.121144,29.412349,8460.208458
95.26387,29.394706,8470.561066
95.406542,29.399188,8467.929987
95.550498,29.386692,8475.267695
95.692957,29.396774,8469.346653
95.835141,29.418342,8456.694449
95.977953,29.390288,8473.155406
96.120755,29.40002,8467.44117
96.263029,29.368808,8485.780324
96.405769,29.398992,8468.044952
96.549472,29.373831,8482.826378
96.69189,29.406124,8463.859759
96.834881,29.408448,8462.496089
96.9773,29.404685,8464.704057
97.120061,29.406567,8463.599627
97.263296,29.406069,8463.891634
97.406201,29.390743,8472.887693
97.548409,29.402295,8466.106486
97.690472,29.392736,8471.717765
97.833403,29.408705,8462.345705
97.976774,29.406602,8463.579399
98.119719,29.401064,8466.828751
98.262609,29.412487,8460.127589
98.404735,29.399611,8467.681239
98.547964,29.406211,8463.80847
98.69065,29.387216,8474.959457
98.833395,29.418034,8456.875061
98.975605,29.392691,8471.743819
99.118096,29.381745,8478.174123
99.261765,29.393535,8471.248301
99.404707,29.403593,8465.344523
99.547782,29.413433,8459.572772
99.690299,29.392696,8471.740915
99.833636,29.398613,8468.266966
99.976612,29.378104,8480.313814
100.119563,29.391123,8472.664715
100.262972,29.377938,8480.411541
100.406647,29.398695,8468.219214
100.549192,29.395809,8469.912983
100.691977,29.396921,8469.260581
100.834012,29.402222,8466.149136
100.97681,29.387996,8474.501328
101.118813,29.406305,8463.753466
101.26229,29.400375,8467.232903
101.405561,29.377151,8480.874216
101.548611,29.394403,8470.738998
101.69177,29.410501,8461.292245
101.83385,29.401957,8466.30453
101.976557,29.408941,8462.206845
102.119552,29.397712,8468.796268
102.264951,29.398946,8468.07155
102.407523,29.379919,8479.247146
102.551598,29.406077,8463.887139
102.69523,29.395036,8470.366937
102.841036,29.415095,8458.598174
102.984358,29.399189,8467.929059
103.127002,29.408126,8462.685357
103.270573,29.410055,8461.553774
103.413394,29.412525,8460.105047
103.556413,29.396946,8469.246029
103.698883,29.394055,8470.942923
103.841777,29.402829,8465.793119
103.984439,29.391444,8472.476575
104.127211,29.405328,8464.326657
104.269701,29.406103,8463.871963
104.412323,29.400244,8467.310062
104.575342,29.393143,8471.478608
104.717529,29.390083,8473.27535
104.860364,29.401527,8466.5568
105.003466,29.397983,8468.636848
105.146524,29.403149,8465.605118
105.288952,29.395672,8469.993665
105.431528,29.383985,8476.857581
105.574666,29.383057,8477.403035
105.71728,29.410311,8461.403294
105.859583,29.397384,8468.988465
106.001889,29.397393,8468.983154
106.145096,29.384217,8476.721301
106.288465,29.39754,8468.897354
106.430968,29.381655,8478.22686
106.573103,29.416294,8457.895296
106.716106,29.391695,8472.328716
106.858477,29.395089,8470.335983
107.000448,29.400834,8466.963794
107.143236,29.408005,8462.756012
107.286718,29.409479,8461.891715
107.429004,29.40623,8463.797199
107.572023,29.396649,8469.420062
107.714827,29.406571,8463.597483
107.857234,29.403382,8465.468511
107.999574,29.42076,8455.277305
108.143443,29.419545,8455.98982
108.286492,29.407212,8463.221545
108.429808,29.400786,8466.991805
108.57196,29.405051,8464.488899
108.71577,29.392392,8471.91957
108.859861,29.40216,8466.185349
109.002722,29.402311,8466.096704
109.145662,29.401685,8466.464452
109.288735,29.394828,8470.488964
109.431357,29.411038,8460.977135
109.573834,29.399,8468.040252
109.715843,29.426556,8451.881354
109.85945,29.405163,8464.423223
110.002529,29.426438,8451.950266
110.145379,29.426928,8451.663342
110.287271,29.41687,8457.557328
110.430429,29.403132,8465.615379
110.573523,29.418504,8456.599626
110.716345,29.417119,8457.411591
110.859641,29.411699,8460.589501
111.002654,29.408638,8462.384568
111.146104,29.422326,8454.359493
111.289104,29.424931,8452.833057
111.432237,29.393509,8471.263524
111.574837,29.413365,8459.612487
111.717347,29.42004,8455.6993
111.859907,29.410302,8461.40857
112.002251,29.413975,8459.254836
112.146151,29.409899,8461.645334
112.288364,29.413908,8459.294442
112.431625,29.413463,8459.55521
112.573675,29.412443,8460.152999
112.715637,29.402542,8465.961077
112.857977,29.425971,8452.223982
112.999507,29.417404,8457.244804
113.142507,29.388998,8473.912783
113.284506,29.400075,8467.409364
113.427509,29.419859,8455.805415
113.569683,29.414403,8459.003761
113.714079,29.421073,8455.093776
113.858239,29.390198,8473.208092
114.000569,29.39676,8469.355145
114.143324,29.408508,8462.460823
114.286191,29.415179,8458.548835
114.428924,29.417185,8457.373196
114.5719,29.404258,8464.954344
114.713887,29.415292,8458.482959
114.856798,29.382209,8477.901289
114.999554,29.403601,8465.339651
115.142226,29.406103,8463.871771
115.284247,29.393325,8471.371588
115.428169,29.399087,8467.989161
115.570862,29.410241,8461.444829
115.712992,29.394598,8470.624291
115.855494,29.399909,8467.506367
115.998477,29.415307,8458.473739
116.141924,29.406367,8463.717077
116.284694,29.414971,8458.670854
116.42737,29.402323,8466.089566
116.56974,29.404794,8464.639864
116.712723,29.402385,8466.05355
116.855802,29.403657,8465.307253
116.998482,29.405043,8464.493852
117.140655,29.384726,8476.422498
117.283766,29.40873,8462.330907
117.426239,29.414553,8458.916104
117.569443,29.404076,8465.061229
117.711516,29.399237,8467.901046
117.854709,29.399149,8467.952862
117.99693,29.408972,8462.188709
118.139915,29.401222,8466.736213
118.28329,29.398011,8468.620794
118.426078,29.413193,8459.71355
118.573086,29.388465,8474.226111
118.716488,29.394395,8470.743274
118.860042,29.41313,8459.750438
119.003875,29.393847,8471.065122
119.147016,29.397369,8468.997584
119.291295,29.393129,8471.486848
119.435328,29.41042,8461.339572
119.57908,29.405564,8464.187911
119.721809,29.415033,8458.634583
119.863921,29.399898,8467.513249
120.006813,29.399256,8467.889716
120.14975,29.420467,8455.44922
120.293642,29.413745,8459.389748
120.436134,29.414821,8458.759129
120.579991,29.409479,8461.891561
120.722083,29.395626,8470.020483
120.866043,29.388449,8474.235322
121.008208,29.404499,8464.812948
121.151789,29.406635,8463.559922
121.295757,29.399168,8467.941448
121.438786,29.401448,8466.603088
121.581887,29.391593,8472.388797
121.725093,29.409634,8461.800771
121.868312,29.395248,8470.242435
122.011978,29.392611,8471.790778
122.154154,29.393614,8471.201938
122.297338,29.39422,8470.846351
122.440083,29.395673,8469.993104
122.583774,29.401169,8466.766818
122.726453,29.414975,8458.668385
122.869404,29.395145,8470.302971
123.012006,29.393976,8470.989204
123.154208,29.393805,8471.089638
123.29763,29.383779,8476.978686
123.440247,29.394426,8470.725375
123.582458,29.397658,8468.827964
123.725232,29.403232,8465.556232
123.86845,29.408093,8462.704804
124.010094,29.400977,8466.879548
124.153383,29.416082,8458.019668
124.296096,29.39032,8473.136153
124.438781,29.384307,8476.668596
124.582074,29.400838,8466.961448
124.724737,29.407592,8462.998635
124.86627,29.419546,8455.98903
125.022563,29.397942,8468.661113
125.165722,29.379296,8479.613506
125.308306,29.397823,8468.730731
125.450683,29.395708,8469.972455
125.594262,29.391173,8472.635275
125.736483,29.389627,8473.543201
125.879588,29.389245,8473.768003
126.021713,29.386323,8475.484314
126.164628,29.394865,8470.467289
126.308302,29.386618,8475.311172
126.455873,29.380852,8478.698776
126.598269,29.398511,8468.326901
126.741025,29.403511,8465.392746
126.883374,29.3876,8474.733997
127.026137,29.400222,8467.322642
127.168106,29.397285,8469.046603
127.312335,29.410848,8461.088468
127.455198,29.399555,8467.714099
127.597922,29.402694,8465.872141
127.739974,29.392047,8472.122108
127.882818,29.401065,8466.828072
128.025655,29.383727,8477.009425
128.168378,29.394027,8470.959252
128.311185,29.39472,8470.552342
128.453944,29.404323,8464.916398
128.596702,29.392166,8472.052304
128.73914,29.401525,8466.557868
128.882174,29.384223,8476.717746
129.025182,29.402859,8465.775066
129.168109,29.40061,8467.095012
129.310804,29.392497,8471.857942
129.453641,29.395853,8469.887558
129.596838,29.389911,8473.376344
129.739947,29.377718,8480.54075
129.88196,29.377548,8480.641049
130.024417,29.397973,8468.642917
130.166932,29.376208,8481.428356
130.310164,29.385268,8476.10407
130.452549,29.392694,8471.742513
130.595276,29.388836,8474.008069
130.73755,29.391116,8472.668744
130.880713,29.373923,8482.772133
131.023019,29.386902,8475.144114
131.166215,29.385449,8475.997739
131.309013,29.398025,8468.612562
131.451507,29.4009,8466.925181
131.594224,29.388034,8474.478877
131.737771,29.386886,8475.15322
131.879909,29.368985,8485.67622
132.023373,29.393019,8471.551257
132.166393,29.382326,8477.832877
132.308833,29.408108,8462.695859
132.452182,29.380392,8478.969411
132.595688,29.382946,8477.468177
132.738785,29.393485,8471.278055
132.881751,29.392347,8471.946057
133.025029,29.387667,8474.69455
133.167758,29.406701,8463.520931
133.310513,29.373034,8483.295072
133.452872,29.393045,8471.53613
133.597097,29.398878,8468.111827
133.741926,29.379161,8479.692738
133.885012,29.367945,8486.287583
134.027621,29.401939,8466.315228
134.173187,29.375241,8481.99685
134.317311,29.395677,8469.990775
134.4605,29.384384,8476.623589
134.603313,29.393474,8471.284117
134.745877,29.400879,8466.937296
134.888414,29.36598,8487.443509
135.030483,29.392347,8471.946049
135.173074,29.384942,8476.295458
135.315546,29.372961,8483.337669
135.458046,29.378758,8479.929758
135.601156,29.372485,8483.617378
135.744244,29.379621,8479.422109
135.887172,29.393376,8471.341797
136.029606,29.378892,8479.850725
136.171997,29.394679,8470.576647
136.314817,29.385728,8475.833655
136.457645,29.380723,8478.774868
136.59987,29.395889,8469.866297
136.741981,29.388557,8474.172086
136.884767,29.349624,8497.071175
137.027976,29.367418,8486.597777
137.170798,29.393697,8471.153539
137.313842,29.391913,8472.201102
137.456276,29.364202,8488.489968
137.597979,29.387388,8474.85852
137.741518,29.369843,8485.171326
137.883871,29.392259,8471.997678
138.026839,29.384544,8476.5293
138.169819,29.383763,8476.988053
138.31263,29.383789,8476.972987
138.455216,29.387171,8474.986034
138.597545,29.380754,8478.756525
138.742038,29.375474,8481.859933
138.88557,29.390708,8472.908286
139.027645,29.397926,8468.670261
139.171753,29.399622,8467.674755
139.314579,29.385061,8476.225406
139.457163,29.375676,8481.741287
139.600095,29.3832,8477.319287
139.742651,29.382455,8477.756775
139.884453,29.370701,8484.666502
140.027598,29.393066,8471.523776
140.16996,29.396872,8469.289299
140.312727,29.380252,8479.051326
140.455287,29.365768,8487.568165
140.601108,29.375423,8481.890332
140.744046,29.382683,8477.622821
140.886312,29.378955,8479.813947
141.027807,29.409266,8462.01642
141.171193,29.380526,8478.890312
141.314375,29.382093,8477.969458
141.45751,29.387616,8474.724808
141.599643,29.370965,8484.511187
141.742713,29.392839,8471.657147
141.884533,29.368654,8485.870676
142.027757,29.391055,8472.704552
142.170967,29.386535,8475.359413
142.313199,29.375764,8481.689555
142.456769,29.380728,8478.771574
142.600059,29.371705,8484.076109
142.743006,29.405641,8464.142677
142.885275,29.397916,8468.676166
143.029359,29.392166,8472.05216
143.171768,29.404106,8465.043505
143.314606,29.372217,8483.775323
143.458497,29.391789,8472.273566
143.602255,29.383289,8477.267085
143.745147,29.37774,8480.528287
143.887837,29.371798,8484.021627
144.030464,29.392679,8471.751299
144.173531,29.387937,8474.536138
144.316222,29.39136,8472.525472
144.45877,29.386763,8475.225811
144.601329,29.396949,8469.243772
144.745451,29.382843,8477.528604
144.887083,29.377564,8480.631378
145.029634,29.387694,8474.678953
145.171635,29.380569,8478.865386
145.314669,29.393113,8471.496324
145.460074,29.383324,8477.246146
145.602775,29.379576,8479.449099
145.747271,29.385202,8476.142686
145.890549,29.3965,8469.507518
146.034286,29.375967,8481.570414
146.177402,29.376225,8481.418454
146.320121,29.400755,8467.009727
146.463311,29.408192,8462.646286
146.606754,29.395844,8469.892808
146.749733,29.386449,8475.410398
146.892415,29.386867,8475.164636
147.035059,29.407777,8462.88964
147.177356,29.388031,8474.480786
147.320421,29.400021,8467.440668
147.463505,29.419226,8456.176669
147.606147,29.385016,8476.252341
147.748315,29.384949,8476.291452
147.891387,29.389334,8473.715775
148.033556,29.399194,8467.925926
148.192714,29.386986,8475.094623
148.335393,29.384902,8476.319014
148.478254,29.40011,8467.388481
148.621355,29.398434,8468.372086
148.764248,29.383434,8477.181589
148.907294,29.417551,8457.158146
149.049751,29.419593,8455.961485
149.192585,29.390523,8473.017164
149.335726,29.39812,8468.556621
149.478364,29.39481,8470.49982
149.621395,29.404758,8464.660804
149.767897,29.401072,8466.824114
149.914078,29.400783,8466.993755
150.06035,29.388605,8474.143675
150.207592,29.415498,8458.361958
150.353687,29.400828,8466.967077
150.49884,29.394759,8470.529844
150.644948,29.421714,8454.718514
150.792451,29.390451,8473.059297
150.936275,29.412428,8460.161995
151.081007,29.39086,8472.819523
151.225638,29.418193,8456.781793
151.369143,29.40614,8463.850288
151.512867,29.408989,8462.179078
151.657039,29.417598,8457.130935
151.799272,29.400995,8466.869304
151.941832,29.39571,8469.97114
152.084822,29.407324,8463.155908
152.227415,29.438715,8444.761153
152.371106,29.411192,8460.887135
152.513837,29.415997,8458.069584
152.656413,29.405034,8464.499202
152.799451,29.414666,8458.849704
152.942001,29.399009,8468.0346
153.085167,29.413266,8459.67081
153.228077,29.434031,8447.502986
153.370732,29.424879,8452.863989
153.51355,29.406838,8463.440896
153.657063,29.412883,8459.895403
153.799367,29.419769,8455.858011
153.942149,29.412956,8459.85267
154.084848,29.421395,8454.905385
154.227767,29.417791,8457.017972
154.369914,29.40703,8463.328191
154.512778,29.41716,8457.387796
154.655452,29.407372,8463.12757
154.798685,29.417393,8457.251021
154.94208,29.415272,8458.494255
155.084811,29.400669,8467.060286
155.227834,29.399636,8467.667041
155.370086,29.40842,8462.512605
155.513244,29.404398,8464.872068
155.656986,29.411725,8460.574318
155.799769,29.411302,8460.822634
155.942168,29.415686,8458.251819
156.08494,29.404186,8464.996496
156.227956,29.397253,8469.065813
156.37023,29.398658,8468.240771
156.512607,29.406958,8463.370138
156.655967,29.402765,8465.830547
156.797759,29.394512,8470.674982
156.940447,29.403525,8465.384524
157.083082,29.391368,8472.521055
157.226929,29.41363,8459.457316
157.369604,29.402376,8466.058464
157.512233,29.411017,8460.98977
157.655039,29.385908,8475.728098
157.797801,29.400163,8467.357437
157.940835,29.395262,8470.23451
158.083778,29.413241,8459.685558
158.227087,29.40489,8464.583528
158.370061,29.404528,8464.795808
158.512817,29.417585,8457.138254
158.655672,29.398639,8468.251957
158.798174,29.410817,8461.10701
158.941341,29.402284,8466.112891
159.083958,29.423056,8453.932116
159.228077,29.383996,8476.851683
159.371348,29.412465,8460.140194
159.514778,29.399439,8467.782165
159.656823,29.403106,8465.63028
159.800313,29.399677,8467.642527
159.943473,29.401648,8466.48579
160.086528,29.395946,8469.83278
160.229315,29.398903,8468.097138
160.372119,29.407506,8463.048648
160.514001,29.415485,8458.369493
160.657542,29.396457,8469.532997
160.799809,29.410818,8461.106487
160.943141,29.401396,8466.633811
161.086118,29.402462,8466.008371
161.229167,29.390371,8473.106247
161.371712,29.391433,8472.482919
161.513856,29.404918,8464.567364
161.656541,29.391044,8472.711119
161.828117,29.40196,8466.302779
161.970624,29.409865,8461.665161
162.113062,29.411862,8460.494021
162.255743,29.398996,8468.042232
162.398419,29.415951,8458.096302
162.541237,29.411603,8460.645564
162.683831,29.38287,8477.512935
162.826368,29.397766,8468.764579
162.969166,29.405541,8464.201343
163.111306,29.402001,8466.278735
163.254406,29.372331,8483.708245
163.39712,29.38291,8477.489438
163.539889,29.40024,8467.31253
163.682962,29.405377,8464.298102
163.826077,29.404147,8465.019622
163.968374,29.398584,8468.284383
164.111418,29.400667,8467.061592
164.253648,29.401225,8466.734217
164.396276,29.403879,8465.176984
164.543557,29.393816,8471.083173
164.686826,29.392514,8471.848149
164.829605,29.387834,8474.596869
164.972753,29.405001,8464.518738
165.11549,29.379178,8479.682596
165.258432,29.413223,8459.696071
165.401959,29.389245,8473.767777
165.544818,29.399151,8467.951223
165.687514,29.405839,8464.026732
165.830435,29.402639,8465.904179
165.971898,29.405705,8464.105682
166.11623,29.399798,8467.571511
166.259886,29.404909,8464.572496
166.403102,29.382571,8477.688824
166.546825,29.396753,8469.358792
166.689935,29.393832,8471.074297
166.832192,29.412881,8459.896198
166.974751,29.399734,8467.60952
167.117729,29.402297,8466.105072
167.260896,29.415757,8458.210125
167.403709,29.398639,8468.252141
167.54654,29.396259,8469.64892
167.689837,29.40174,8466.431714
167.832193,29.398549,8468.304649
167.975459,29.385134,8476.182538
168.117717,29.400349,8467.248064
168.260931,29.403276,8465.530803
168.403891,29.40414,8465.023484
168.546223,29.400748,8467.014264
168.688682,29.426641,8451.831159
168.831253,29.409253,8462.024062
168.973495,29.408913,8462.223573
169.116077,29.406518,8463.628165
169.259265,29.406395,8463.700785
169.401265,29.418499,8456.602607
169.544354,29.408376,8462.538661
169.687969,29.393571,8471.227302
169.830078,29.413897,8459.300908
169.973094,29.410629,8461.21705
170.115866,29.408665,8462.368779
170.258043,29.407479,8463.064816
170.401247,29.40503,8464.501711
170.544504,29.412393,8460.18283
170.687372,29.421607,8454.780862
170.829792,29.409833,8461.683652
170.972894,29.411131,8460.922806
171.115104,29.42226,8454.398449
171.257987,29.414477,8458.960605
171.39985,29.405889,8463.997596
171.543286,29.400832,8466.964894
171.685899,29.414384,8459.014856
171.828982,29.41811,8456.830449
171.97079,29.39124,8472.595992
172.11388,29.423742,8453.529835
172.256891,29.407409,8463.105778
172.401138,29.41545,8458.389868
172.544297,29.39879,8468.163604
172.686932,29.403418,8465.44724
172.829439,29.393238,8471.423036
172.971782,29.411592,8460.652539
173.114353,29.405164,8464.422744
173.25821,29.412167,8460.315308
173.400506,29.416206,8457.946661
173.544074,29.422059,8454.516394
173.686616,29.413989,8459.246919
173.828443,29.411189,8460.888627
173.970477,29.410521,8461.280142
174.112751,29.410338,8461.387885
174.25437,29.414556,8458.914434
174.397368,29.394529,8470.664539
174.539372,29.411972,8460.429365
174.681347,29.416711,8457.650842
174.825047,29.393166,8471.465353
174.967753,29.417203,8457.362338
175.110002,29.421016,8455.127604
175.254051,29.41932,8456.121373
175.39651,29.41904,8456.285558
175.539741,29.407773,8462.89207
175.682142,29.401475,8466.587489
175.825455,29.403259,8465.540607
175.968232,29.426834,8451.718408
176.110221,29.427225,8451.489025
176.253097,29.423092,8453.910795
176.396018,29.428142,8450.952158
176.539387,29.385758,8475.816345
176.681859,29.405736,8464.086994
176.824151,29.406517,8463.629108
176.966463,29.430664,8449.474824
177.108974,29.408309,8462.577774
177.25184,29.416796,8457.600702
177.394191,29.395984,8469.810335
177.536144,29.415656,8458.269448
177.678899,29.414625,8458.873798
177.821651,29.40758,8463.005167
177.963663,29.433055,8448.074933
178.106454,29.409826,8461.687738
178.248685,29.410118,8461.517025
178.392379,29.393877,8471.04767
178.534972,29.411906,8460.468426
178.677472,29.412157,8460.320914
178.81969,29.415717,8458.233616
178.962125,29.400425,8467.20355
179.10443,29.393178,8471.458112
179.247576,29.416259,8457.915559
179.389897,29.415803,8458.183181
179.532767,29.400943,8466.899492
179.675561,29.411798,8460.531374
179.818942,29.429793,8449.985223
179.960985,29.405293,8464.347011
180.104501,29.409429,8461.920581
180.247291,29.419361,8456.09747
180.390389,29.419545,8455.989788
180.533226,29.405455,8464.25197
180.675956,29.432036,8448.671307
180.818047,29.412988,8459.833649
180.960822,29.404147,8465.019432
181.103615,29.428864,8450.529001
181.246357,29.408939,8462.208478
181.38981,29.391255,8472.58713
181.564638,29.39845,8468.362899
181.70945,29.403981,8465.116805
181.855104,29.404476,8464.826492
181.998965,29.41272,8459.990645
182.142456,29.412617,8460.051237
182.285649,29.419735,8455.878266
182.428327,29.397673,8468.818739
182.571355,29.390264,8473.169148
182.71473,29.406206,8463.81154
182.857281,29.392395,8471.917788
182.999351,29.39878,8468.169009
183.141747,29.399415,8467.796385
183.284236,29.418399,8456.661512
183.426855,29.378237,8480.235741
183.569988,29.391004,8472.734687
183.712224,29.391082,8472.689176
183.854612,29.391137,8472.656553
183.996863,29.391334,8472.540697
184.139966,29.396741,8469.365884
184.282014,29.405492,8464.230381
184.424549,29.390973,8472.753083
184.567986,29.385276,8476.099624
184.712288,29.415443,8458.394224
184.855245,29.393275,8471.401091
184.998368,29.407112,8463.280199
185.140965,29.416703,8457.655418
185.282967,29.391412,8472.495186
185.426421,29.392067,8472.110414
185.568723,29.413393,8459.595879
185.711769,29.401883,8466.347831
185.854229,29.400437,8467.19676
185.997089,29.396162,8469.705962
186.138955,29.426359,8451.996729
186.281889,29.403309,8465.511153
186.425333,29.398634,8468.254762
186.567632,29.397037,8469.192608
186.711141,29.399933,8467.492228
186.854718,29.400887,8466.932584
186.996677,29.423808,8453.491485
187.139964,29.398979,8468.052219
187.282562,29.418177,8456.791481
187.42534,29.399977,8467.466409
187.568452,29.415054,8458.622372
187.710939,29.419937,8455.759831
187.853602,29.401793,8466.401018
187.995934,29.409947,8461.617029
188.139554,29.420297,8455.549028
188.282561,29.42174,8454.703377
188.425152,29.408744,8462.32259
188.568289,29.415664,8458.264382
188.711342,29.413474,8459.548449
188.854834,29.414781,8458.782592
188.997625,29.414079,8459.193638
189.140243,29.430873,8449.352452
189.282711,29.402291,8466.108742
189.425119,29.422625,8454.184517
189.568262,29.418616,8456.53411
189.710929,29.396404,8469.564031
189.853698,29.439005,8444.591208
189.996042,29.415963,8458.089283
190.138505,29.403638,8465.318383
190.281025,29.41954,8455.992348
190.454373,29.414043,8459.215255
190.59766,29.42026,8455.570654
190.740832,29.428953,8450.47732
190.883822,29.40734,8463.146109
191.027422,29.432958,8448.131654
191.172681,29.415375,8458.43431
191.31568,29.410375,8461.366027
191.4586,29.410475,8461.307578
191.602323,29.41253,8460.102353
191.744835,29.404455,8464.838902
191.888069,29.413849,8459.328868
192.030682,29.397572,8468.878542
192.179889,29.410032,8461.567297
192.322157,29.414046,8459.213109
192.464697,29.408541,8462.441552
192.606934,29.386012,8475.667192
192.749814,29.393295,8471.389269
192.893239,29.401647,8466.486568
193.035749,29.400881,8466.935895
193.179019,29.394387,8470.747954
193.321929,29.43098,8449.289821
193.465622,29.409709,8461.756613
193.607959,29.411714,8460.580524
193.750338,29.400909,8466.919597
193.893658,29.417267,8457.324629
194.036438,29.401241,8466.724649
194.180047,29.408307,8462.579041
194.32308,29.421756,8454.693786
194.466171,29.396808,8469.326871
194.608434,29.393649,8471.181198
194.750962,29.405641,8464.142825
194.89339,29.417799,8457.013001
195.036737,29.41414,8459.157914
195.179337,29.412766,8459.963794
195.322758,29.418096,8456.839033
195.466157,29.40999,8461.592091
195.608749,29.407121,8463.274769
195.751835,29.415661,8458.266624
195.90063,29.414413,8458.997848
196.043212,29.403708,8465.277196
196.186208,29.413502,8459.532046
196.329552,29.401333,8466.670559
196.472346,29.417295,8457.308355
196.615533,29.405676,8464.122314
196.757635,29.410787,8461.124627
196.901076,29.426653,8451.82468
197.042726,29.417432,8457.228211
197.186373,29.41612,8457.997331
197.328644,29.391633,8472.365296
197.471861,29.416472,8457.790733
197.61723,29.395814,8469.910437
197.763798,29.417987,8456.902527
197.909673,29.431967,8448.711597
198.055305,29.43738,8445.542464
198.203987,29.401258,8466.714832
198.348155,29.39999,8467.45872
198.492832,29.407182,8463.238688
198.636833,29.415616,8458.292473
198.779362,29.407348,8463.141688
198.92551,29.430381,8449.640697
199.069658,29.403407,8465.453693
199.213774,29.407944,8462.792052
199.356983,29.414831,8458.753249
199.501997,29.404016,8465.096173
199.644602,29.415638,8458.280117
199.787402,29.421164,8455.040751
199.930315,29.433298,8447.932582
200.073513,29.417474,8457.203256
200.216686,29.418318,8456.709017
200.359773,29.390167,8473.225981
200.501959,29.413473,8459.54923
200.645099,29.411507,8460.702078
200.787793,29.405155,8464.428229
200.930759,29.41682,8457.587018
201.073158,29.416888,8457.546883
201.215998,29.427831,8451.134101
201.358626,29.413131,8459.750062
201.501381,29.401546,8466.545601
201.643892,29.403854,8465.191613
201.786435,29.394493,8470.685695
201.928765,29.420609,8455.365961
202.072227,29.403537,8465.377491
202.214844,29.408606,8462.403521
202.35716,29.399275,8467.878602
202.499803,29.414135,8459.16084
202.642031,29.410145,8461.500778
202.785474,29.393176,8471.458972
202.928771,29.397206,8469.093184
203.071999,29.417731,8457.052614
203.214953,29.405764,8464.07052
203.358741,29.400886,8466.933027
203.501355,29.401867,8466.357166
203.643765,29.422464,8454.279056
203.785838,29.38872,8474.075969
203.928998,29.405085,8464.46907
204.079301,29.413859,8459.322812
204.220899,29.396845,8469.304772
204.363322,29.39794,8468.662158
204.506635,29.400464,8467.180745
204.649292,29.392376,8471.929027
204.791929,29.399073,8467.997199
204.934057,29.398296,8468.45326
205.078461,29.421574,8454.800136
205.220296,29.387343,8474.885217
205.362308,29.401176,8466.763029
205.505319,29.424803,8452.908035
205.648496,29.396687,8469.397708
205.795845,29.392525,8471.841351
205.940456,29.39076,8472.877724
206.08839,29.388351,8474.292854
206.23197,29.394438,8470.717989
206.375429,29.394272,8470.815558
206.519056,29.405228,8464.385338
206.662842,29.39498,8470.400164
206.806017,29.392516,8471.846599
206.949649,29.382293,8477.852092
207.092358,29.3935,8471.269045
207.235839,29.400404,8467.21628
207.378784,29.402546,8465.95907
207.522189,29.411489,8460.712551
207.665215,29.393635,8471.189925
207.807327,29.408455,8462.492423
207.949849,29.393571,8471.227333
208.092941,29.402885,8465.760199
208.236168,29.427539,8451.305099
208.379054,29.393818,8471.082374
208.521331,29.416715,8457.648218
208.663733,29.41167,8460.606554
208.806556,29.394719,8470.553162
208.949077,29.405919,8463.9801
209.093056,29.39658,8469.460774
209.236088,29.406318,8463.745789
209.379097,29.406527,8463.623199
209.521117,29.412945,8459.858796
209.663555,29.390746,8472.886251
209.806938,29.403133,8465.614318
209.949655,29.403507,8465.395165
210.093394,29.415733,8458.223903
210.236199,29.412051,8460.383209
210.379111,29.399359,8467.829092
210.521935,29.398481,8468.344747
210.663995,29.382511,8477.724054
210.807038,29.388878,8473.983272
210.949824,29.391781,8472.278271
211.092309,29.390146,8473.238708
211.235529,29.401177,8466.762122
211.378297,29.411328,8460.807166
211.520687,29.42079,8455.25982
211.663502,29.393823,8471.079052
211.805983,29.424138,8453.298077
211.949314,29.403128,8465.617646
212.090909,29.405429,8464.267455
212.261514,29.413619,8459.46337
212.404117,29.397201,8469.095813
212.546408,29.416999,8457.482217
212.689094,29.412341,8460.213339
212.832191,29.410077,8461.540638
212.974298,29.405184,8464.410885
213.117409,29.432214,8448.567375
213.259482,29.417159,8457.388436
213.402694,29.416176,8457.964705
213.545022,29.420589,8455.377553
213.687734,29.410586,8461.24255
213.832232,29.407524,8463.038055
213.976538,29.400833,8466.964271
214.120963,29.416614,8457.707786
214.265805,29.397962,8468.649353
214.408608,29.41012,8461.515511
214.55173,29.420692,8455.317321
214.694798,29.417575,8457.144457
214.838862,29.40798,8462.770596
214.982926,29.411152,8460.910111
215.125585,29.417944,8456.927745
215.268887,29.400982,8466.876687
215.412184,29.414511,8458.940503
215.555081,29.4316,8448.926914
215.6983,29.409119,8462.102738
215.840171,29.415194,8458.540273
215.983307,29.419183,8456.201603
216.126618,29.429466,8450.176776
216.26879,29.40784,8462.853213
216.412146,29.403328,8465.500077
216.554732,29.403165,8465.595838
216.697555,29.40946,8461.902545
216.84005,29.406495,8463.64206
216.982938,29.406503,8463.637195
217.125522,29.412985,8459.835398
217.26883,29.392082,8472.101803
217.411499,29.409262,8462.018552
217.554158,29.396201,8469.683314
217.697035,29.406549,8463.610244
217.839714,29.444572,8441.333128
217.981389,29.410217,8461.458523
218.124495,29.426041,8452.182775
218.268103,29.420962,8455.159341
218.410298,29.39565,8470.006747
218.553087,29.41957,8455.974629
218.69596,29.426793,8451.742627
218.838771,29.396292,8469.629606
218.98123,29.412996,8459.828697
219.125056,29.413989,8459.24678
219.267692,29.419768,8455.858684
219.410602,29.421616,8454.77597
219.552553,29.417551,8457.158289
219.695529,29.41725,8457.334796
219.838535,29.423709,8453.549226
219.981093,29.428155,8450.944648
220.124247,29.417325,8457.291136
220.26699,29.419642,8455.932721
220.429779,29.389962,8473.346778
220.572121,29.421463,8454.865309
220.715397,29.42442,8453.1325
220.857987,29.407561,8463.016442
221.000739,29.413524,8459.519075
221.143836,29.422645,8454.172782
221.286893,29.412262,8460.259268
221.429569,29.420723,8455.298981
221.57251,29.420373,8455.504071
221.715712,29.443422,8442.006412
221.858302,29.416975,8457.49629
222.000555,29.424177,8453.275336
222.144722,29.426594,8451.858768
222.287248,29.415495,8458.363925
222.429355,29.435161,8446.841307
222.571981,29.413914,8459.290503
222.715446,29.430415,8449.620947
222.858139,29.428866,8450.528088
223.00105,29.426781,8451.74955
223.143697,29.410765,8461.137291
223.286735,29.425436,8452.537625
223.429677,29.419097,8456.25215
223.571309,29.409712,8461.754699
223.71348,29.422143,8454.466953
223.856395,29.40757,8463.011394
223.999334,29.407363,8463.132587
224.141527,29.40025,8467.306206
224.28467,29.417955,8456.921268
224.428044,29.416691,8457.662755
224.569755,29.400425,8467.203641
224.712952,29.427919,8451.08251
224.855615,29.415535,8458.340404
224.998502,29.400976,8466.880415
225.141289,29.4242,8453.26185
225.283783,29.408488,8462.47305
225.42664,29.400448,8467.189996
225.569394,29.440034,8443.988721
225.711989,29.412893,8459.889148
225.890382,29.425146,8452.707279
226.03392,29.418632,8456.524498
226.1759,29.401635,8466.493292
226.319429,29.415638,8458.279868
226.462408,29.412403,8460.176724
226.605272,29.402674,8465.88392
226.748671,29.421231,8455.001463
226.891674,29.399585,8467.696855
227.034007,29.409558,8461.845431
227.176777,29.407036,8463.324367
227.319675,29.382903,8477.49343
227.461502,29.427266,8451.465537
227.605372,29.415911,8458.120067
227.747759,29.422327,8454.359349
227.890637,29.408907,8462.227301
228.033193,29.41234,8460.213503
228.175848,29.411339,8460.800877
228.318764,29.415294,8458.481467
228.461611,29.411439,8460.741949
228.603987,29.400024,8467.4393
228.746883,29.412406,8460.175126
228.889394,29.401297,8466.691692
229.031881,29.419872,8455.797985
229.174697,29.404031,8465.087791
229.316949,29.405164,8464.423038
229.459927,29.39275,8471.70929
229.602003,29.407779,8462.888492
229.750273,29.404845,8464.60993
229.894909,29.425433,8452.539153
230.039448,29.398696,8468.21857
230.182948,29.405175,8464.416256
230.326017,29.402149,8466.191842
230.468969,29.411669,8460.607313
230.612076,29.408362,8462.546807
230.754856,29.410711,8461.169184
230.898045,29.403099,8465.634576
231.040168,29.400979,8466.87841
231.183675,29.422316,8454.365648
231.326362,29.408491,8462.471109
231.4704,29.400741,8467.01838
231.612917,29.406159,8463.839006
231.755888,29.41368,8459.428055
231.899316,29.408815,8462.281082
232.041754,29.416944,8457.514307
232.185029,29.411858,8460.496137
232.329962,29.399201,8467.922086
232.472065,29.412337,8460.215351
232.61585,29.404097,8465.048888
232.758611,29.408233,8462.622505
232.901,29.406159,8463.839006
233.074583,29.402987,8465.700382
233.216636,29.398602,8468.273922
233.360304,29.426974,8451.636582
233.503132,29.412799,8459.944476
233.646034,29.395799,8469.91891
233.788641,29.400483,8467.169867
233.931824,29.404218,8464.978105
234.074937,29.403389,8465.464195
234.21791,29.407275,8463.184201
234.360158,29.404993,8464.523413
234.503276,29.387522,8474.780008
234.645874,29.409424,8461.923865
234.787477,29.408875,8462.245569
234.930118,29.406357,8463.722818
235.071933,29.408586,8462.415095
235.21464,29.404358,8464.895576
235.356641,29.405916,8463.981736
235.499644,29.401355,8466.657654
235.642031,29.388598,8474.147737
235.787627,29.415668,8458.262503
235.930303,29.394732,8470.545461
236.073282,29.393709,8471.14631
236.216083,29.406753,8463.490412
236.358453,29.393012,8471.55547
236.501478,29.394489,8470.688289
236.644507,29.419773,8455.856188
236.78694,29.398702,8468.21484
236.929255,29.414188,8459.12987
237.071693,29.385044,8476.235543
237.214893,29.40115,8466.778316
237.35764,29.402403,8466.04308
237.501336,29.407017,8463.3356
237.643842,29.391891,8472.213974
237.78649,29.399653,8467.656752
237.929659,29.404973,8464.535136
238.072659,29.414506,8458.943411
238.21579,29.392631,8471.779363
238.35846,29.401732,8466.436838
238.501104,29.410196,8461.471236
238.643636,29.399477,8467.759933
238.78668,29.411123,8460.927214
238.929643,29.396328,8469.608612
239.071595,29.395746,8469.950221
239.215171,29.399612,8467.680773
239.357666,29.389261,8473.758495
239.50035,29.39973,8467.611884
239.643805,29.400513,8467.152091
239.786462,29.402506,8465.982503
239.928621,29.418387,8456.668142
240.071622,29.407452,8463.080574
240.21475,29.413013,8459.819083
240.357583,29.415205,8458.53371
240.500469,29.398399,8468.392698
240.642862,29.411817,8460.520632
240.784869,29.388048,8474.470931
240.927867,29.423522,8453.658734
241.069871,29.415573,8458.317677
241.212871,29.415275,8458.492395
241.354869,29.395511,8470.087986
241.496869,29.418655,8456.511451
241.639869,29.415067,8458.614852
241.781867,29.406012,8463.925538
241.924869,29.401669,8466.473405
242.06687,29.395924,8469.845583
242.209869,29.407652,8462.963489
242.351868,29.406055,8463.900094
242.494869,29.406517,8463.628978
242.636867,29.394287,8470.80696
242.779871,29.40315,8465.604769
242.921867,29.398606,8468.271517
243.063867,29.418104,8456.833921
243.207134,29.407666,8462.955276
243.351725,29.393056,8471.529437
243.496725,29.413636,8459.453891
243.638721,29.397617,8468.851973
243.78172,29.408871,8462.248041
243.923792,29.408536,8462.444816
244.065805,29.396422,8469.553596
244.211894,29.423193,8453.851866
244.356779,29.416255,8457.91825
244.500758,29.41347,8459.550835
244.643761,29.415084,8458.604547
244.78576,29.413358,8459.616895
244.927839,29.414419,8458.994474
245.070838,29.406779,8463.475507
245.212834,29.413498,8459.534358
245.35486,29.409948,8461.616485
245.497442,29.430045,8449.837601
245.640443,29.410883,8461.068224
245.782477,29.39849,8468.339696
245.924442,29.407535,8463.031722
246.066492,29.40038,8467.229849
246.20881,29.401716,8466.445856
246.350844,29.420958,8455.161282
246.493222,29.407527,8463.036529
246.634256,29.418366,8456.680579
246.776255,29.413335,8459.629936
246.91822,29.407291,8463.174838
247.060259,29.413734,8459.396085
247.202459,29.396961,8469.236817
247.345494,29.415627,8458.286104
247.487482,29.397769,8468.762457
247.629507,29.390634,8472.951728
247.77151,29.399468,8467.765496
247.913505,29.401099,8466.807947
248.055837,29.409868,8461.663213
248.19783,29.412732,8459.983487
248.340797,29.407886,8462.825959
248.482837,29.417478,8457.200898
248.624887,29.394102,8470.915721
248.766886,29.403469,8465.417546
248.908949,29.432501,8448.399129
249.050946,29.424375,8453.159067
249.19295,29.401309,8466.68469
249.335981,29.401732,8466.436799
249.477949,29.417596,8457.132195
249.619983,29.404726,8464.679634
249.761984,29.395917,8469.849975
249.903982,29.399779,8467.582906
250.046951,29.423601,8453.612637
250.188979,29.409063,8462.135825
250.330966,29.404053,8465.074498
250.472993,29.407276,8463.183607
250.614963,29.408723,8462.335105
250.756841,29.421513,8454.836067
250.898809,29.415508,8458.356127
251.040811,29.403349,8465.487662
251.18381,29.415417,8458.409705
251.325807,29.418382,8456.671537
251.467809,29.416145,8457.982695
251.610808,29.417927,8456.93771
251.753842,29.421376,8454.916424
251.895808,29.402541,8465.961761
252.03803,29.421721,8454.714194
252.181026,29.432386,8448.466467
252.323027,29.414768,8458.790084
252.46506,29.414398,8459.006608
252.606931,29.406004,8463.929994
252.748871,29.410876,8461.072151
252.891642,29.404574,8464.769173
253.033517,29.426031,8452.188556
253.175886,29.410291,8461.415456
253.317925,29.402605,8465.924537
253.459997,29.40453,8464.795058
253.601965,29.415254,8458.505182
253.744967,29.402968,8465.711307
253.886966,29.397846,8468.717487
254.029963,29.399979,8467.465223
254.17225,29.42362,8453.601347
254.316829,29.415345,8458.451618
254.460269,29.416103,8458.00725
254.603293,29.410596,8461.236369
254.746298,29.417074,8457.438162
254.888958,29.399556,8467.713495
255.031561,29.409854,8461.671704
255.17448,29.409707,8461.757806
255.315926,29.402974,8465.707841
255.459146,29.390888,8472.802732
255.60128,29.404694,8464.698484
255.743282,29.405054,8464.487576
255.885402,29.396097,8469.743947
256.027408,29.390821,8472.84244
256.169908,29.410036,8461.564564
256.312589,29.415758,8458.209591
256.454594,29.416998,8457.482571
256.596611,29.400344,8467.251149
256.738573,29.420173,8455.621425
256.881573,29.419786,8455.848243
257.023573,29.398814,8468.149167
257.165673,29.401874,8466.353172
257.307669,29.388778,8474.041816
257.449672,29.405315,8464.333979
257.592385,29.411995,8460.415832
257.734484,29.413416,8459.582701
257.87652,29.404984,8464.528491
258.018485,29.386524,8475.366105
258.160486,29.409886,8461.653089
258.302521,29.417228,8457.347659
258.444402,29.412466,8460.140021
258.587362,29.430875,8449.351278
258.729362,29.414277,8459.077721
258.871395,29.389046,8473.884463
259.013366,29.383924,8476.893441
259.155396,29.393321,8471.374035
259.297523,29.428422,8450.787887
259.440524,29.384135,8476.769825
259.582525,29.396095,8469.745152
259.724597,29.400251,8467.305842
259.866757,29.388423,8474.25048
260.008757,29.428454,8450.769295
260.15079,29.398901,8468.097935
260.293192,29.404107,8465.043152
260.436155,29.39554,8470.071385
260.578189,29.390055,8473.292323
260.720188,29.380987,8478.619417
260.862045,29.397754,8468.771229
261.004649,29.407651,8462.96373
261.146682,29.388943,8473.945075
261.288403,29.40777,8462.893742
261.431402,29.409939,8461.621655
261.573437,29.401118,8466.796924
261.71554,29.39729,8469.043818
261.857544,29.404964,8464.540141
261.999544,29.412666,8460.022597
262.141577,29.407695,8462.938068
262.284183,29.4175,8457.188262
262.426333,29.393688,8471.15846
262.569196,29.396288,8469.63215
262.711889,29.401114,8466.79921
262.853322,29.398775,8468.172387
262.996201,29.412644,8460.03537
263.138045,29.402934,8465.731343
263.280019,29.417224,8457.349985
263.423019,29.395974,8469.816187
263.565058,29.392696,8471.741099
263.707276,29.411005,8460.996672
263.850237,29.416734,8457.637321
263.992285,29.39729,8469.043818
264.134238,29.411199,8460.882535
264.27624,29.405172,8464.417861
264.419267,29.402918,8465.740625
264.561264,29.395464,8470.115579
264.70419,29.401644,8466.488049
264.846189,29.410427,8461.335304
264.989188,29.41423,8459.105408
265.131188,29.415553,8458.329497
265.273326,29.418532,8456.583389
265.416282,29.428401,8450.800522
265.558392,29.413212,8459.702571
265.700394,29.406054,8463.900887
265.842394,29.415141,8458.57148
265.985391,29.406828,8463.446874
266.127392,29.415893,8458.130459
266.269394,29.416091,8458.014048
266.412395,29.412481,8460.130748
266.554391,29.420375,8455.502836
266.696393,29.42318,8453.859503
266.839392,29.427768,8451.171235
266.981395,29.425698,8452.383982
267.124394,29.40889,8462.237126
267.266374,29.415412,8458.412129
267.408373,29.424182,8453.272176
267.551373,29.428411,8450.79484
267.693373,29.424196,8453.264086
267.836278,29.405297,8464.344541
267.978275,29.412557,8460.086451
268.12028,29.4089,8462.231078
268.263278,29.404712,8464.687882
268.405277,29.407016,8463.336083
268.547303,29.435886,8446.417085
268.690301,29.416342,8457.867384
268.832303,29.427204,8451.501551
268.974304,29.414294,8459.068116
269.117301,29.420943,8455.170073
269.259274,29.429643,8450.072836
269.420264,29.42854,8450.719287
269.562265,29.423073,8453.922099
269.705264,29.427703,8451.209523
269.847265,29.44027,8443.850917
269.989265,29.427838,8451.130452
270.132267,29.42822,8450.90629
270.274266,29.412259,8460.260936
270.416265,29.443201,8442.135659
270.559266,29.410739,8461.152401
270.701293,29.437407,8445.52677
270.844418,29.415532,8458.342182
270.986419,29.434502,8447.227608
271.128417,29.438325,8444.989237
271.270417,29.439619,8444.231858
271.413449,29.436875,8445.838325
271.555449,29.451992,8436.993045
271.697449,29.435496,8446.645702
271.840449,29.434823,8447.039326
271.98245,29.430969,8449.296372
272.124453,29.425718,8452.372027
272.267448,29.424613,8453.01981
272.409452,29.427133,8451.542932
272.552119,29.427305,8451.442176
272.694117,29.453587,8436.059937
272.83712,29.413805,8459.354857
272.979118,29.434343,8447.320753
273.121115,29.417657,8457.096194
273.264116,29.433845,8447.612222
273.4065,29.426911,8451.673393
273.548634,29.422014,8454.542825
273.691194,29.416822,8457.585622
273.833462,29.426566,8451.875347
273.975466,29.430128,8449.788832
274.118543,29.444245,8441.524907
274.260544,29.435391,8446.707103
274.402544,29.432108,8448.629226
274.544545,29.426643,8451.830017
274.686733,29.432218,8448.564646
274.829766,29.413054,8459.795083
274.97173,29.424344,8453.177472
275.113733,29.435869,8446.427241
275.25632,29.431246,8449.134119
275.399566,29.427679,8451.223072
275.542065,29.41534,8458.454605
275.685065,29.425042,8452.768463
275.82687,29.428638,8450.661483
275.969556,29.423548,8453.643335
276.112838,29.421097,8455.079903
276.255141,29.429439,8450.192204
276.397754,29.429882,8449.932822
276.540335,29.427557,8451.295074
276.682946,29.420414,8455.479997
276.824948,29.430524,8449.557043
276.96709,29.431722,8448.855156
277.108611,29.41463,8458.870939
277.250609,29.424777,8452.923338
277.39361,29.41868,8456.496374
277.535615,29.446081,8440.450433
277.677611,29.441982,8442.848949
277.820609,29.419405,8456.071353
277.96261,29.433016,8448.097377
278.105611,29.421978,8454.563398
278.247611,29.421409,8454.896823
278.38961,29.440242,8443.8673
278.53161,29.428546,8450.715724
278.674612,29.425983,8452.216724
278.817613,29.416405,8457.830352
278.95961,29.427464,8451.349331
279.10241,29.428075,8450.991199
279.246188,29.430369,8449.647672
279.389151,29.427021,8451.60881
279.53414,29.439122,8444.52258
279.676139,29.424785,8452.918892
279.818465,29.441234,8443.286641
279.961033,29.441223,8443.292818
280.103102,29.434606,8447.166455
280.245134,29.438422,8444.932802
280.387522,29.4286,8450.683674
280.532581,29.417596,8457.13222
280.676666,29.409432,8461.918838
280.818843,29.427883,8451.104057
280.961281,29.425669,8452.400621
281.10292,29.418929,8456.350564
281.247318,29.426944,8451.654136
281.390106,29.428826,8450.551282
281.532586,29.439682,8444.194935
281.674929,29.40756,8463.017002
281.818895,29.437795,8445.299585
281.963326,29.440391,8443.780286
282.109889,29.438522,8444.874222
282.251905,29.418163,8456.799632
282.398262,29.409382,8461.948253
282.54488,29.416396,8457.835642
282.690752,29.416983,8457.491489
282.83725,29.432041,8448.668574
282.979032,29.436924,8445.809332
283.127058,29.411062,8460.963228
283.269578,29.427551,8451.298606
283.411574,29.409241,8462.031019
283.553576,29.429621,8450.085718
283.695577,29.419732,8455.880123
283.838575,29.423712,8453.547288
283.980577,29.434887,8447.002077
284.123264,29.427608,8451.264822
284.267074,29.431936,8448.729813
284.408973,29.410425,8461.336935
284.551685,29.415068,8458.613857
284.6962,29.415803,8458.183371
284.838944,29.427061,8451.585631
284.985919,29.420744,8455.287094
285.127919,29.416288,8457.898829
285.270682,29.414258,8459.088888
285.412897,29.418645,8456.516847
285.555958,29.419847,8455.812519
285.698222,29.421319,8454.949844
285.840216,29.398026,8468.611989
285.982854,29.41106,8460.964032
286.126355,29.418442,8456.635885
286.268144,29.414565,8458.909097
286.410225,29.410041,8461.561795
286.552306,29.438756,8444.737289
286.694305,29.413764,8459.378587
286.837304,29.415293,8458.482174
286.979304,29.425657,8452.407764
287.122307,29.420277,8455.560755
287.264305,29.433684,8447.706114
287.407304,29.431935,8448.730614
287.549304,29.410956,8461.025297
287.69231,29.421552,8454.813068
287.834317,29.415537,8458.338946
287.976304,29.417664,8457.092135
288.119303,29.417068,8457.441396
288.261315,29.436527,8446.041832
288.404304,29.423432,8453.711522
288.546303,29.441523,8443.117562
288.689305,29.428076,8450.990923
288.831304,29.420423,8455.475169
288.973303,29.40981,8461.697145
289.116302,29.44102,8443.412181
289.258304,29.422097,8454.493657
289.400302,29.433247,8447.962049
289.543305,29.438915,8444.643912
289.685305,29.415251,8458.506777
289.828351,29.423575,8453.628032
289.970352,29.417801,8457.01171
290.11235,29.430239,8449.723739
290.25535,29.422665,8454.16123
290.397349,29.428469,8450.760769
290.540366,29.42148,8454.855583
290.682365,29.438391,8444.950799
290.824367,29.420623,8455.357867
290.966366,29.426039,8452.184254
291.109362,29.445123,8441.011013
291.251362,29.421793,8454.672089
291.393362,29.438875,8444.667642
291.535398,29.418548,8456.574108
291.677365,29.423357,8453.755396
291.820365,29.420846,8455.226888
291.962363,29.423329,8453.771961
292.105364,29.428318,8450.849251
292.24786,29.427744,8451.185132
292.389859,29.423539,8453.648955
292.531857,29.437303,8445.58762
292.67486,29.427028,8451.604438
292.816858,29.43025,8449.717273
292.959857,29.434018,8447.510562
293.101893,29.440073,8443.966229
293.245855,29.431924,8448.737132
293.387972,29.442197,8442.723065
293.530296,29.429234,8450.312737
293.672974,29.44523,8440.948462
293.817597,29.43864,8444.804814
293.962031,29.425006,8452.789201
294.106036,29.45088,8437.643215
294.247784,29.436032,8446.331518
294.39055,29.439845,8444.099799
294.533717,29.433001,8448.106582
294.675684,29.417869,8456.972029
294.818686,29.435116,8446.867698
294.960681,29.418108,8456.831734
295.102534,29.446974,8439.928311
295.245529,29.435157,8446.844088
295.387528,29.4464,8440.263743
295.52953,29.434885,8447.00292
295.67253,29.460938,8431.762653
295.815074,29.455869,8434.726029
295.957053,29.439987,8444.016477
296.099053,29.443843,8441.76007
296.242051,29.420914,8455.187122
296.385051,29.453434,8436.149609
296.527051,29.441782,8442.965772
296.670051,29.431458,8449.010194
296.812053,29.426634,8451.835264
296.95505,29.447953,8439.3552
297.097054,29.450027,8438.14218
297.239051,29.439775,8444.140808
297.381052,29.423014,8453.956689
297.524054,29.440261,8443.855977
297.666051,29.434375,8447.301833
297.808086,29.453382,8436.18038
297.95005,29.448266,8439.172385
298.093054,29.44338,8442.031003
298.235051,29.428016,8451.025729
298.37805,29.448081,8439.280417
298.52005,29.442533,8442.526359
298.662053,29.443309,8442.072643
298.804858,29.448009,8439.322626
298.946955,29.441369,8443.20777
299.09086,29.444765,8441.220631
299.233352,29.427141,8451.538629
299.376354,29.442491,8442.551179
299.518353,29.450445,8437.897924
299.661352,29.442503,8442.543939
